N;CPI
4096;169,153
4097;172,276
4098;172,274
4099;172,261
4100;172,247
4101;172,225
4102;172,231
4103;172,259
4104;172,305
4105;172,286
4106;172,284
4107;172,273
4108;172,24
4109;172,214
4110;172,188
4111;172,175
4112;172,301
4113;172,231
4114;172,23
4115;172,223
4116;172,187
4117;172,169
4118;172,165
4119;172,168
4120;172,212
4121;172,193
4122;172,189
4123;172,181
4124;172,151
4125;172,134
4126;172,127
4127;172,111
4128;172,276
4129;175,245
4130;175,241
4131;175,229
4132;175,192
4133;175,178
4134;175,195
4135;175,175
4136;175,227
4137;175,202
4138;175,198
4139;175,182
4140;175,15
4141;175,141
4142;175,126
4143;175,18
4144;175,28
4145;175,173
4146;175,166
4147;175,153
4148;175,125
4149;175,103
4150;175,114
4151;175,102
4152;175,148
4153;175,125
4154;175,124
4155;175,108
4156;175,078
4157;175,06
4158;175,054
4159;175,107
4160;175,274
4161;178,214
4162;178,208
4163;178,197
4164;178,166
4165;178,16
4166;178,155
4167;178,142
4168;178,198
4169;178,164
4170;178,159
4171;178,144
4172;178,115
4173;178,097
4174;178,14
4175;178,151
4176;178,254
4177;178,089
4178;178,083
4179;178,07
4180;178,039
4181;178,036
4182;178,031
4183;178,019
4184;178,055
4185;178,039
4186;178,034
4187;178,022
4188;177,988
4189;177,972
4190;178,044
4191;178,057
4192;178,189
4193;181,08
4194;181,071
4195;181,058
4196;181,044
4197;181,018
4198;181,018
4199;181,002
4200;181,044
4201;181,023
4202;181,017
4203;181,006
4204;180,97
4205;181,016
4206;181,035
4207;181,048
4208;181,156
4209;180,945
4210;180,94
4211;180,925
4212;180,912
4213;180,893
4214;180,886
4215;180,869
4216;180,914
4217;180,891
4218;180,886
4219;180,872
4220;180,843
4221;180,893
4222;180,923
4223;180,947
4224;181,21
4225;183,872
4226;183,871
4227;183,87
4228;183,84
4229;183,814
4230;183,81
4231;183,795
4232;183,834
4233;183,815
4234;183,81
4235;183,796
4236;183,829
4237;183,846
4238;183,879
4239;183,895
4240;184
4241;183,76
4242;183,751
4243;183,754
4244;183,73
4245;183,702
4246;183,696
4247;183,682
4248;183,733
4249;183,696
4250;183,695
4251;183,68
4252;183,717
4253;183,735
4254;183,765
4255;183,781
4256;183,913
4257;186,644
4258;186,656
4259;186,638
4260;186,604
4261;186,585
4262;186,576
4263;186,562
4264;186,606
4265;186,579
4266;186,577
4267;186,621
4268;186,63
4269;186,648
4270;186,669
4271;186,685
4272;186,816
4273;186,544
4274;186,549
4275;186,533
4276;186,502
4277;186,481
4278;186,469
4279;186,457
4280;186,501
4281;186,478
4282;186,467
4283;186,52
4284;186,528
4285;186,542
4286;186,565
4287;186,579
4288;186,758
4289;189,407
4290;189,402
4291;189,385
4292;189,354
4293;189,33
4294;189,323
4295;189,309
4296;189,346
4297;189,325
4298;189,362
4299;189,392
4300;189,394
4301;189,401
4302;189,422
4303;189,447
4304;189,551
4305;189,255
4306;189,251
4307;189,235
4308;189,215
4309;189,179
4310;189,172
4311;189,155
4312;189,193
4313;189,175
4314;189,24
4315;189,275
4316;189,276
4317;189,278
4318;189,3
4319;189,325
4320;189,457
4321;192,079
4322;192,07
4323;192,054
4324;192,019
4325;191,999
4326;191,989
4327;191,973
4328;192,011
4329;192,054
4330;192,106
4331;192,123
4332;192,114
4333;192,124
4334;192,153
4335;192,176
4336;192,28
4337;191,935
4338;191,927
4339;191,91
4340;191,873
4341;191,853
4342;191,847
4343;191,832
4344;191,867
4345;191,912
4346;191,964
4347;191,979
4348;191,971
4349;191,976
4350;192,014
4351;192,03
4352;192,3
4353;194,936
4354;194,927
4355;194,908
4356;194,877
4357;194,857
4358;194,847
4359;194,833
4360;194,926
4361;194,963
4362;194,998
4363;195,007
4364;194,999
4365;195,017
4366;195,045
4367;195,058
4368;195,17
4369;194,784
4370;194,778
4371;194,759
4372;194,726
4373;194,707
4374;194,693
4375;194,68
4376;194,778
4377;194,815
4378;194,842
4379;194,848
4380;194,846
4381;194,861
4382;194,889
4383;194,905
4384;195,053
4385;197,592
4386;197,582
4387;197,564
4388;197,528
4389;197,506
4390;197,499
4391;197,538
4392;197,634
4393;197,651
4394;197,67
4395;197,681
4396;197,688
4397;197,7
4398;197,728
4399;197,737
4400;197,824
4401;197,39
4402;197,38
4403;197,366
4404;197,331
4405;197,307
4406;197,301
4407;197,347
4408;197,447
4409;197,452
4410;197,466
4411;197,482
4412;197,481
4413;197,504
4414;197,527
4415;197,565
4416;197,723
4417;200,12
4418;200,111
4419;200,09
4420;200,056
4421;200,037
4422;200,085
4423;200,124
4424;200,2
4425;200,203
4426;200,222
4427;200,25
4428;200,25
4429;200,259
4430;200,286
4431;200,288
4432;200,385
4433;199,947
4434;199,944
4435;199,923
4436;199,884
4437;199,864
4438;199,919
4439;199,959
4440;200,028
4441;200,036
4442;200,052
4443;200,073
4444;200,076
4445;200,086
4446;200,115
4447;200,118
4448;200,248
4449;202,658
4450;202,648
4451;202,631
4452;202,601
4453;202,634
4454;202,686
4455;202,701
4456;202,762
4457;202,768
4458;202,799
4459;202,813
4460;202,812
4461;202,83
4462;202,839
4463;202,847
4464;202,94
4465;202,448
4466;202,438
4467;202,429
4468;202,387
4469;202,424
4470;202,474
4471;202,49
4472;202,55
4473;202,555
4474;202,597
4475;202,61
4476;202,608
4477;202,623
4478;202,659
4479;202,661
4480;202,914
4481;205,33
4482;205,318
4483;205,297
4484;205,326
4485;205,357
4486;205,384
4487;205,393
4488;205,452
4489;205,477
4490;205,505
4491;205,518
4492;205,524
4493;205,538
4494;205,557
4495;205,567
4496;205,672
4497;205,15
4498;205,137
4499;205,117
4500;205,148
4501;205,181
4502;205,202
4503;205,205
4504;205,265
4505;205,29
4506;205,319
4507;205,334
4508;205,333
4509;205,349
4510;205,366
4511;205,379
4512;205,516
4513;207,799
4514;207,788
4515;207,828
4516;207,85
4517;207,864
4518;207,874
4519;207,881
4520;207,964
4521;207,975
4522;208
4523;208,014
4524;208,02
4525;208,024
4526;208,049
4527;208,084
4528;208,168
4529;207,608
4530;207,599
4531;207,637
4532;207,662
4533;207,672
4534;207,679
4535;207,687
4536;207,769
4537;207,78
4538;207,802
4539;207,821
4540;207,827
4541;207,828
4542;207,85
4543;207,887
4544;208,032
4545;210,252
4546;210,301
4547;210,345
4548;210,34
4549;210,339
4550;210,356
4551;210,385
4552;210,453
4553;210,461
4554;210,466
4555;210,487
4556;210,477
4557;210,483
4558;210,511
4559;210,517
4560;210,581
4561;209,983
4562;210,034
4563;210,071
4564;210,063
4565;210,066
4566;210,08
4567;210,11
4568;210,172
4569;210,182
4570;210,218
4571;210,247
4572;210,236
4573;210,244
4574;210,298
4575;210,311
4576;210,411
4577;212,663
4578;212,712
4579;212,728
4580;212,719
4581;212,724
4582;212,755
4583;212,77
4584;212,839
4585;212,844
4586;212,874
4587;212,88
4588;212,875
4589;212,907
4590;212,916
4591;212,915
4592;212,999
4593;212,425
4594;212,473
4595;212,486
4596;212,474
4597;212,476
4598;212,511
4599;212,53
4600;212,587
4601;212,598
4602;212,645
4603;212,655
4604;212,645
4605;212,677
4606;212,705
4607;212,71
4608;212,94
4609;215,239
4610;215,26
4611;215,267
4612;215,255
4613;215,282
4614;215,305
4615;215,318
4616;215,379
4617;215,412
4618;215,425
4619;215,439
4620;215,456
4621;215,474
4622;215,477
4623;215,478
4624;215,578
4625;215,027
4626;215,044
4627;215,046
4628;215,041
4629;215,061
4630;215,087
4631;215,093
4632;215,158
4633;215,19
4634;215,206
4635;215,217
4636;215,234
4637;215,248
4638;215,257
4639;215,26
4640;215,395
4641;217,632
4642;217,646
4643;217,65
4644;217,66
4645;217,67
4646;217,686
4647;217,701
4648;217,789
4649;217,793
4650;217,817
4651;217,843
4652;217,853
4653;217,842
4654;217,845
4655;217,847
4656;217,927
4657;217,375
4658;217,394
4659;217,39
4660;217,4
4661;217,408
4662;217,43
4663;217,441
4664;217,535
4665;217,53
4666;217,55
4667;217,583
4668;217,587
4669;217,588
4670;217,597
4671;217,625
4672;217,767
4673;219,952
4674;219,979
4675;220,017
4676;220,004
4677;220,01
4678;220,03
4679;220,065
4680;220,121
4681;220,122
4682;220,151
4683;220,169
4684;220,142
4685;220,151
4686;220,174
4687;220,171
4688;220,23
4689;219,651
4690;219,672
4691;219,703
4692;219,687
4693;219,7
4694;219,717
4695;219,748
4696;219,802
4697;219,808
4698;219,859
4699;219,885
4700;219,871
4701;219,866
4702;219,92
4703;219,926
4704;220,02
4705;222,172
4706;222,207
4707;222,226
4708;222,213
4709;222,22
4710;222,264
4711;222,269
4712;222,33
4713;222,356
4714;222,399
4715;222,398
4716;222,385
4717;222,413
4718;222,444
4719;222,439
4720;222,527
4721;221,944
4722;221,975
4723;221,987
4724;221,979
4725;221,985
4726;222,029
4727;222,033
4728;222,092
4729;222,124
4730;222,162
4731;222,163
4732;222,148
4733;222,179
4734;222,202
4735;222,203
4736;222,429
4737;224,465
4738;224,486
4739;224,49
4740;224,492
4741;224,523
4742;224,532
4743;224,537
4744;224,62
4745;224,649
4746;224,66
4747;224,66
4748;224,675
4749;224,685
4750;224,7
4751;224,696
4752;224,781
4753;224,226
4754;224,244
4755;224,25
4756;224,25
4757;224,278
4758;224,291
4759;224,298
4760;224,384
4761;224,409
4762;224,419
4763;224,414
4764;224,434
4765;224,442
4766;224,453
4767;224,451
4768;224,568
4769;226,715
4770;226,737
4771;226,744
4772;226,765
4773;226,761
4774;226,779
4775;226,811
4776;226,898
4777;226,885
4778;226,894
4779;226,927
4780;226,926
4781;226,927
4782;226,926
4783;226,931
4784;227,025
4785;226,453
4786;226,466
4787;226,48
4788;226,495
4789;226,495
4790;226,509
4791;226,545
4792;226,63
4793;226,622
4794;226,625
4795;226,661
4796;226,66
4797;226,657
4798;226,665
4799;226,665
4800;226,829
4801;228,864
4802;228,886
4803;228,92
4804;228,909
4805;228,906
4806;228,949
4807;228,98
4808;229,028
4809;229,02
4810;229,071
4811;229,091
4812;229,079
4813;229,073
4814;229,083
4815;229,114
4816;229,206
4817;228,616
4818;228,634
4819;228,675
4820;228,653
4821;228,664
4822;228,701
4823;228,731
4824;228,778
4825;228,772
4826;228,819
4827;228,844
4828;228,83
4829;228,824
4830;228,832
4831;228,866
4832;228,985
4833;231,089
4834;231,126
4835;231,127
4836;231,116
4837;231,147
4838;231,185
4839;231,177
4840;231,225
4841;231,255
4842;231,28
4843;231,274
4844;231,261
4845;231,257
4846;231,273
4847;231,3
4848;231,378
4849;230,796
4850;230,837
4851;230,835
4852;230,827
4853;230,856
4854;230,894
4855;230,894
4856;230,938
4857;230,967
4858;231,01
4859;231,004
4860;230,989
4861;230,994
4862;231,039
4863;231,045
4864;231,274
4865;233,417
4866;233,427
4867;233,435
4868;233,443
4869;233,469
4870;233,49
4871;233,477
4872;233,554
4873;233,581
4874;233,583
4875;233,581
4876;233,567
4877;233,596
4878;233,623
4879;233,616
4880;233,711
4881;233,149
4882;233,157
4883;233,164
4884;233,177
4885;233,203
4886;233,208
4887;233,208
4888;233,288
4889;233,314
4890;233,317
4891;233,318
4892;233,302
4893;233,333
4894;233,36
4895;233,356
4896;233,472
4897;235,568
4898;235,574
4899;235,606
4900;235,628
4901;235,62
4902;235,626
4903;235,652
4904;235,726
4905;235,723
4906;235,733
4907;235,732
4908;235,742
4909;235,759
4910;235,765
4911;235,754
4912;235,831
4913;235,264
4914;235,277
4915;235,303
4916;235,32
4917;235,317
4918;235,323
4919;235,347
4920;235,422
4921;235,42
4922;235,423
4923;235,422
4924;235,437
4925;235,453
4926;235,46
4927;235,494
4928;235,615
4929;237,575
4930;237,606
4931;237,638
4932;237,625
4933;237,617
4934;237,655
4935;237,684
4936;237,725
4937;237,726
4938;237,725
4939;237,764
4940;237,76
4941;237,754
4942;237,799
4943;237,804
4944;237,881
4945;237,299
4946;237,339
4947;237,364
4948;237,348
4949;237,343
4950;237,376
4951;237,408
4952;237,451
4953;237,45
4954;237,458
4955;237,479
4956;237,482
4957;237,48
4958;237,523
4959;237,534
4960;237,645
4961;239,682
4962;239,72
4963;239,72
4964;239,706
4965;239,722
4966;239,759
4967;239,753
4968;239,804
4969;239,797
4970;239,822
4971;239,839
4972;239,82
4973;239,842
4974;239,84
4975;239,855
4976;239,931
4977;239,38
4978;239,412
4979;239,415
4980;239,396
4981;239,416
4982;239,448
4983;239,457
4984;239,495
4985;239,492
4986;239,529
4987;239,544
4988;239,53
4989;239,555
4990;239,571
4991;239,584
4992;239,794
4993;241,851
4994;241,859
4995;241,854
4996;241,866
4997;241,883
4998;241,891
4999;241,888
5000;241,937
5001;241,956
5002;241,986
5003;241,979
5004;241,995
5005;242,005
5006;242,021
5007;242,01
5008;242,115
5009;241,568
5010;241,567
5011;241,572
5012;241,588
5013;241,607
5014;241,605
5015;241,61
5016;241,657
5017;241,673
5018;241,699
5019;241,699
5020;241,713
5021;241,722
5022;241,743
5023;241,74
5024;241,859
5025;243,875
5026;243,885
5027;243,905
5028;243,914
5029;243,912
5030;243,918
5031;243,917
5032;243,993
5033;244,001
5034;244,006
5035;244,031
5036;244,036
5037;244,042
5038;244,031
5039;244,044
5040;244,135
5041;243,566
5042;243,568
5043;243,59
5044;243,604
5045;243,603
5046;243,598
5047;243,603
5048;243,678
5049;243,689
5050;243,695
5051;243,717
5052;243,718
5053;243,727
5054;243,73
5055;243,755
5056;243,893
5057;245,785
5058;245,823
5059;245,846
5060;245,828
5061;245,819
5062;245,827
5063;245,852
5064;245,912
5065;245,907
5066;245,947
5067;245,972
5068;245,965
5069;245,96
5070;246
5071;246,019
5072;246,075
5073;245,493
5074;245,531
5075;245,557
5076;245,531
5077;245,528
5078;245,538
5079;245,561
5080;245,62
5081;245,612
5082;245,659
5083;245,682
5084;245,675
5085;245,664
5086;245,708
5087;245,73
5088;245,811
5089;247,802
5090;247,839
5091;247,828
5092;247,804
5093;247,805
5094;247,839
5095;247,853
5096;247,896
5097;247,918
5098;247,934
5099;247,946
5100;247,925
5101;247,95
5102;247,967
5103;247,963
5104;248,033
5105;247,47
5106;247,501
5107;247,492
5108;247,474
5109;247,473
5110;247,506
5111;247,521
5112;247,556
5113;247,58
5114;247,619
5115;247,626
5116;247,61
5117;247,628
5118;247,665
5119;247,659
5120;247,862
5121;247,942
5122;247,942
5123;247,942
5124;247,925
5125;247,945
5126;247,962
5127;247,96
5128;248,035
5129;248,058
5130;248,074
5131;248,071
5132;248,076
5133;248,099
5134;248,102
5135;248,095
5136;248,128
5137;247,647
5138;247,647
5139;247,646
5140;247,626
5141;247,646
5142;247,673
5143;247,666
5144;247,739
5145;247,758
5146;247,788
5147;247,781
5148;247,786
5149;247,814
5150;247,808
5151;247,801
5152;247,864
5153;247,969
5154;247,97
5155;247,969
5156;247,977
5157;247,99
5158;247,99
5159;248,022
5160;248,094
5161;248,099
5162;248,099
5163;248,126
5164;248,135
5165;248,127
5166;248,127
5167;248,086
5168;248,131
5169;247,682
5170;247,691
5171;247,686
5172;247,695
5173;247,703
5174;247,712
5175;247,737
5176;247,807
5177;247,819
5178;247,822
5179;247,843
5180;247,85
5181;247,838
5182;247,849
5183;247,794
5184;247,896
5185;247,983
5186;247,989
5187;248,017
5188;248,017
5189;248,014
5190;248,041
5191;248,068
5192;248,122
5193;248,122
5194;248,138
5195;248,163
5196;248,148
5197;248,134
5198;248,105
5199;248,073
5200;248,105
5201;247,699
5202;247,697
5203;247,726
5204;247,728
5205;247,722
5206;247,749
5207;247,778
5208;247,835
5209;247,822
5210;247,843
5211;247,869
5212;247,851
5213;247,838
5214;247,822
5215;247,778
5216;247,843
5217;247,985
5218;248,022
5219;248,033
5220;248,014
5221;248,038
5222;248,067
5223;248,079
5224;248,126
5225;248,129
5226;248,16
5227;248,153
5228;248,135
5229;248,1
5230;248,077
5231;248,03
5232;248,062
5233;247,694
5234;247,73
5235;247,741
5236;247,724
5237;247,746
5238;247,784
5239;247,794
5240;247,834
5241;247,835
5242;247,871
5243;247,87
5244;247,849
5245;247,816
5246;247,798
5247;247,761
5248;247,912
5249;248,232
5250;248,247
5251;248,244
5252;248,258
5253;248,285
5254;248,309
5255;248,295
5256;248,348
5257;248,369
5258;248,375
5259;248,362
5260;248,317
5261;248,313
5262;248,258
5263;248,213
5264;248,27
5265;247,942
5266;247,965
5267;247,963
5268;247,971
5269;247,996
5270;248,01
5271;248,005
5272;248,058
5273;248,085
5274;248,085
5275;248,071
5276;248,03
5277;248,004
5278;247,962
5279;247,923
5280;248,005
5281;248,263
5282;248,264
5283;248,292
5284;248,306
5285;248,308
5286;248,307
5287;248,323
5288;248,396
5289;248,382
5290;248,382
5291;248,359
5292;248,318
5293;248,262
5294;248,231
5295;248,211
5296;248,253
5297;247,979
5298;247,984
5299;248,005
5300;248,017
5301;248,017
5302;248,025
5303;248,035
5304;248,106
5305;248,097
5306;248,1
5307;248,069
5308;248,034
5309;247,984
5310;247,942
5311;247,926
5312;248,021
5313;248,273
5314;248,302
5315;248,329
5316;248,328
5317;248,319
5318;248,338
5319;248,357
5320;248,403
5321;248,39
5322;248,377
5323;248,356
5324;248,298
5325;248,245
5326;248,235
5327;248,199
5328;248,236
5329;247,995
5330;248,027
5331;248,054
5332;248,056
5333;248,042
5334;248,064
5335;248,089
5336;248,132
5337;248,115
5338;248,098
5339;248,08
5340;248,013
5341;247,958
5342;247,949
5343;247,912
5344;247,981
5345;248,298
5346;248,328
5347;248,341
5348;248,325
5349;248,335
5350;248,355
5351;248,358
5352;248,39
5353;248,364
5354;248,355
5355;248,303
5356;248,24
5357;248,229
5358;248,201
5359;248,16
5360;248,181
5361;248,014
5362;248,04
5363;248,053
5364;248,032
5365;248,041
5366;248,073
5367;248,069
5368;248,104
5369;248,079
5370;248,077
5371;248,02
5372;247,953
5373;247,945
5374;247,915
5375;247,879
5376;248,037
5377;248,46
5378;248,465
5379;248,462
5380;248,466
5381;248,482
5382;248,486
5383;248,473
5384;248,493
5385;248,48
5386;248,437
5387;248,383
5388;248,354
5389;248,325
5390;248,294
5391;248,248
5392;248,272
5393;248,167
5394;248,181
5395;248,182
5396;248,178
5397;248,201
5398;248,197
5399;248,193
5400;248,215
5401;248,2
5402;248,15
5403;248,098
5404;248,078
5405;248,046
5406;248,011
5407;247,97
5408;248,02
5409;248,477
5410;248,483
5411;248,492
5412;248,503
5413;248,495
5414;248,491
5415;248,471
5416;248,497
5417;248,444
5418;248,403
5419;248,392
5420;248,339
5421;248,303
5422;248,267
5423;248,227
5424;248,263
5425;248,198
5426;248,197
5427;248,212
5428;248,219
5429;248,215
5430;248,209
5431;248,189
5432;248,217
5433;248,161
5434;248,118
5435;248,106
5436;248,06
5437;248,018
5438;247,979
5439;247,942
5440;248,035
5441;248,459
5442;248,476
5443;248,5
5444;248,478
5445;248,468
5446;248,451
5447;248,446
5448;248,437
5449;248,391
5450;248,386
5451;248,363
5452;248,309
5453;248,264
5454;248,217
5455;248,188
5456;248,254
5457;248,18
5458;248,204
5459;248,221
5460;248,204
5461;248,191
5462;248,174
5463;248,167
5464;248,156
5465;248,111
5466;248,109
5467;248,08
5468;248,031
5469;247,983
5470;247,939
5471;247,91
5472;248,004
5473;248,468
5474;248,496
5475;248,485
5476;248,467
5477;248,44
5478;248,435
5479;248,382
5480;248,391
5481;248,373
5482;248,356
5483;248,324
5484;248,264
5485;248,21
5486;248,196
5487;248,195
5488;248,213
5489;248,187
5490;248,219
5491;248,218
5492;248,19
5493;248,173
5494;248,167
5495;248,121
5496;248,115
5497;248,094
5498;248,08
5499;248,047
5500;247,988
5501;247,932
5502;247,918
5503;247,916
5504;248,068
5505;248,609
5506;248,612
5507;248,603
5508;248,571
5509;248,553
5510;248,521
5511;248,474
5512;248,498
5513;248,469
5514;248,443
5515;248,4
5516;248,338
5517;248,311
5518;248,321
5519;248,27
5520;248,298
5521;248,354
5522;248,356
5523;248,348
5524;248,32
5525;248,303
5526;248,254
5527;248,204
5528;248,234
5529;248,201
5530;248,178
5531;248,132
5532;248,069
5533;248,045
5534;248,054
5535;248,006
5536;248,071
5537;248,64
5538;248,639
5539;248,623
5540;248,598
5541;248,54
5542;248,504
5543;248,487
5544;248,507
5545;248,469
5546;248,432
5547;248,38
5548;248,347
5549;248,338
5550;248,302
5551;248,264
5552;248,302
5553;248,364
5554;248,367
5555;248,344
5556;248,322
5557;248,265
5558;248,226
5559;248,21
5560;248,234
5561;248,195
5562;248,153
5563;248,105
5564;248,07
5565;248,066
5566;248,027
5567;247,985
5568;248,083
5569;248,646
5570;248,633
5571;248,621
5572;248,56
5573;248,501
5574;248,5
5575;248,48
5576;248,485
5577;248,44
5578;248,395
5579;248,38
5580;248,363
5581;248,315
5582;248,295
5583;248,264
5584;248,286
5585;248,369
5586;248,359
5587;248,344
5588;248,285
5589;248,224
5590;248,219
5591;248,199
5592;248,206
5593;248,162
5594;248,119
5595;248,107
5596;248,09
5597;248,044
5598;248,02
5599;247,99
5600;248,042
5601;248,617
5602;248,611
5603;248,565
5604;248,501
5605;248,488
5606;248,471
5607;248,437
5608;248,434
5609;248,384
5610;248,382
5611;248,38
5612;248,325
5613;248,289
5614;248,278
5615;248,23
5616;248,243
5617;248,347
5618;248,344
5619;248,295
5620;248,228
5621;248,213
5622;248,201
5623;248,166
5624;248,158
5625;248,113
5626;248,108
5627;248,108
5628;248,052
5629;248,019
5630;248,005
5631;247,961
5632;248,093
5633;248,739
5634;248,689
5635;248,641
5636;248,615
5637;248,6
5638;248,572
5639;248,519
5640;248,517
5641;248,504
5642;248,508
5643;248,463
5644;248,423
5645;248,399
5646;248,362
5647;248,304
5648;248,335
5649;248,464
5650;248,419
5651;248,372
5652;248,348
5653;248,322
5654;248,296
5655;248,25
5656;248,251
5657;248,235
5658;248,238
5659;248,195
5660;248,153
5661;248,131
5662;248,093
5663;248,04
5664;248,092
5665;248,706
5666;248,665
5667;248,658
5668;248,618
5669;248,584
5670;248,546
5671;248,499
5672;248,532
5673;248,522
5674;248,49
5675;248,457
5676;248,428
5677;248,379
5678;248,332
5679;248,294
5680;248,333
5681;248,435
5682;248,394
5683;248,387
5684;248,349
5685;248,312
5686;248,274
5687;248,229
5688;248,265
5689;248,254
5690;248,218
5691;248,189
5692;248,16
5693;248,105
5694;248,065
5695;248,026
5696;248,113
5697;248,654
5698;248,655
5699;248,627
5700;248,58
5701;248,534
5702;248,497
5703;248,483
5704;248,527
5705;248,478
5706;248,462
5707;248,444
5708;248,387
5709;248,326
5710;248,311
5711;248,28
5712;248,3
5713;248,391
5714;248,38
5715;248,355
5716;248,311
5717;248,268
5718;248,228
5719;248,215
5720;248,255
5721;248,212
5722;248,191
5723;248,175
5724;248,12
5725;248,061
5726;248,041
5727;248,016
5728;248,059
5729;248,632
5730;248,613
5731;248,588
5732;248,523
5733;248,478
5734;248,472
5735;248,473
5736;248,479
5737;248,449
5738;248,436
5739;248,392
5740;248,331
5741;248,305
5742;248,281
5743;248,239
5744;248,25
5745;248,362
5746;248,348
5747;248,315
5748;248,259
5749;248,212
5750;248,208
5751;248,205
5752;248,199
5753;248,174
5754;248,173
5755;248,129
5756;248,06
5757;248,027
5758;248,018
5759;247,975
5760;248,106
5761;248,802
5762;248,78
5763;248,734
5764;248,68
5765;248,661
5766;248,668
5767;248,624
5768;248,644
5769;248,631
5770;248,591
5771;248,539
5772;248,502
5773;248,471
5774;248,433
5775;248,382
5776;248,419
5777;248,542
5778;248,514
5779;248,47
5780;248,414
5781;248,4
5782;248,407
5783;248,364
5784;248,379
5785;248,367
5786;248,327
5787;248,273
5788;248,231
5789;248,21
5790;248,171
5791;248,117
5792;248,183
5793;248,781
5794;248,752
5795;248,71
5796;248,684
5797;248,676
5798;248,647
5799;248,62
5800;248,65
5801;248,6
5802;248,556
5803;248,525
5804;248,494
5805;248,448
5806;248,398
5807;248,372
5808;248,414
5809;248,523
5810;248,489
5811;248,444
5812;248,42
5813;248,415
5814;248,38
5815;248,357
5816;248,39
5817;248,343
5818;248,296
5819;248,265
5820;248,231
5821;248,185
5822;248,137
5823;248,112
5824;248,201
5825;248,754
5826;248,718
5827;248,706
5828;248,692
5829;248,645
5830;248,63
5831;248,617
5832;248,615
5833;248,555
5834;248,537
5835;248,524
5836;248,468
5837;248,412
5838;248,402
5839;248,373
5840;248,396
5841;248,495
5842;248,464
5843;248,454
5844;248,437
5845;248,389
5846;248,377
5847;248,363
5848;248,36
5849;248,303
5850;248,287
5851;248,271
5852;248,216
5853;248,158
5854;248,145
5855;248,122
5856;248,168
5857;248,705
5858;248,697
5859;248,698
5860;248,644
5861;248,61
5862;248,609
5863;248,569
5864;248,554
5865;248,526
5866;248,526
5867;248,483
5868;248,415
5869;248,401
5870;248,381
5871;248,338
5872;248,355
5873;248,447
5874;248,443
5875;248,442
5876;248,385
5877;248,359
5878;248,352
5879;248,31
5880;248,298
5881;248,274
5882;248,267
5883;248,226
5884;248,159
5885;248,138
5886;248,128
5887;248,084
5888;248,212
5889;248,808
5890;248,814
5891;248,771
5892;248,738
5893;248,722
5894;248,686
5895;248,631
5896;248,651
5897;248,633
5898;248,603
5899;248,548
5900;248,515
5901;248,49
5902;248,461
5903;248,406
5904;248,431
5905;248,55
5906;248,557
5907;248,515
5908;248,477
5909;248,464
5910;248,428
5911;248,375
5912;248,395
5913;248,376
5914;248,343
5915;248,292
5916;248,257
5917;248,235
5918;248,203
5919;248,147
5920;248,203
5921;248,82
5922;248,785
5923;248,766
5924;248,74
5925;248,696
5926;248,648
5927;248,626
5928;248,656
5929;248,613
5930;248,564
5931;248,545
5932;248,513
5933;248,472
5934;248,42
5935;248,386
5936;248,425
5937;248,564
5938;248,531
5939;248,506
5940;248,48
5941;248,433
5942;248,393
5943;248,367
5944;248,397
5945;248,352
5946;248,303
5947;248,287
5948;248,257
5949;248,212
5950;248,163
5951;248,128
5952;248,212
5953;248,791
5954;248,78
5955;248,764
5956;248,708
5957;248,655
5958;248,64
5959;248,63
5960;248,623
5961;248,568
5962;248,565
5963;248,544
5964;248,489
5965;248,436
5966;248,417
5967;248,391
5968;248,408
5969;248,532
5970;248,516
5971;248,505
5972;248,456
5973;248,392
5974;248,38
5975;248,371
5976;248,369
5977;248,312
5978;248,3
5979;248,292
5980;248,238
5981;248,18
5982;248,16
5983;248,137
5984;248,178
5985;248,768
5986;248,762
5987;248,72
5988;248,659
5989;248,629
5990;248,623
5991;248,582
5992;248,572
5993;248,555
5994;248,552
5995;248,51
5996;248,448
5997;248,416
5998;248,402
5999;248,361
6000;248,37
6001;248,512
6002;248,505
6003;248,465
6004;248,401
6005;248,372
6006;248,369
6007;248,327
6008;248,314
6009;248,299
6010;248,298
6011;248,255
6012;248,189
6013;248,155
6014;248,145
6015;248,108
6016;248,233
6017;248,85
6018;248,814
6019;248,766
6020;248,732
6021;248,715
6022;248,678
6023;248,625
6024;248,659
6025;248,639
6026;248,607
6027;248,555
6028;248,517
6029;248,496
6030;248,465
6031;248,408
6032;248,442
6033;248,6
6034;248,567
6035;248,513
6036;248,477
6037;248,46
6038;248,425
6039;248,38
6040;248,403
6041;248,387
6042;248,355
6043;248,302
6044;248,263
6045;248,242
6046;248,206
6047;248,156
6048;248,215
6049;248,816
6050;248,774
6051;248,748
6052;248,726
6053;248,689
6054;248,638
6055;248,624
6056;248,656
6057;248,608
6058;248,57
6059;248,534
6060;248,504
6061;248,46
6062;248,416
6063;248,385
6064;248,427
6065;248,561
6066;248,521
6067;248,5
6068;248,473
6069;248,428
6070;248,387
6071;248,371
6072;248,398
6073;248,353
6074;248,312
6075;248,283
6076;248,255
6077;248,212
6078;248,163
6079;248,134
6080;248,225
6081;248,772
6082;248,754
6083;248,742
6084;248,69
6085;248,638
6086;248,632
6087;248,621
6088;248,62
6089;248,564
6090;248,547
6091;248,53
6092;248,475
6093;248,425
6094;248,412
6095;248,39
6096;248,41
6097;248,523
6098;248,507
6099;248,492
6100;248,441
6101;248,389
6102;248,384
6103;248,37
6104;248,374
6105;248,312
6106;248,299
6107;248,281
6108;248,23
6109;248,175
6110;248,164
6111;248,143
6112;248,187
6113;248,743
6114;248,74
6115;248,697
6116;248,636
6117;248,618
6118;248,617
6119;248,577
6120;248,562
6121;248,539
6122;248,536
6123;248,494
6124;248,431
6125;248,404
6126;248,398
6127;248,358
6128;248,367
6129;248,491
6130;248,488
6131;248,447
6132;248,385
6133;248,368
6134;248,366
6135;248,326
6136;248,314
6137;248,289
6138;248,282
6139;248,242
6140;248,178
6141;248,152
6142;248,148
6143;248,107
6144;248,232
6145;250,223
6146;250,184
6147;250,137
6148;250,109
6149;250,095
6150;250,065
6151;250,013
6152;250,028
6153;250,015
6154;249,982
6155;249,929
6156;249,898
6157;249,882
6158;249,839
6159;249,786
6160;249,848
6161;249,973
6162;249,94
6163;249,887
6164;249,863
6165;249,846
6166;249,816
6167;249,764
6168;249,782
6169;249,765
6170;249,732
6171;249,684
6172;249,648
6173;249,633
6174;249,588
6175;249,538
6176;249,621
6177;251,517
6178;251,469
6179;251,459
6180;251,438
6181;251,389
6182;251,346
6183;251,325
6184;251,354
6185;251,31
6186;251,265
6187;251,241
6188;251,221
6189;251,165
6190;251,123
6191;251,12
6192;251,18
6193;251,275
6194;251,232
6195;251,219
6196;251,197
6197;251,149
6198;251,109
6199;251,088
6200;251,115
6201;251,069
6202;251,024
6203;251,003
6204;250,979
6205;250,928
6206;250,881
6207;250,879
6208;250,983
6209;252,82
6210;252,816
6211;252,805
6212;252,753
6213;252,697
6214;252,682
6215;252,67
6216;252,666
6217;252,612
6218;252,591
6219;252,576
6220;252,516
6221;252,461
6222;252,464
6223;252,464
6224;252,524
6225;252,568
6226;252,562
6227;252,551
6228;252,5
6229;252,446
6230;252,43
6231;252,417
6232;252,414
6233;252,36
6234;252,336
6235;252,325
6236;252,263
6237;252,207
6238;252,212
6239;252,212
6240;252,294
6241;254,137
6242;254,137
6243;254,093
6244;254,033
6245;254,003
6246;253,999
6247;253,956
6248;253,948
6249;253,913
6250;253,908
6251;253,862
6252;253,796
6253;253,788
6254;253,791
6255;253,793
6256;253,852
6257;253,88
6258;253,877
6259;253,834
6260;253,771
6261;253,749
6262;253,74
6263;253,698
6264;253,687
6265;253,653
6266;253,648
6267;253,598
6268;253,535
6269;253,532
6270;253,535
6271;253,535
6272;253,701
6273;255,531
6274;255,498
6275;255,445
6276;255,417
6277;255,399
6278;255,365
6279;255,312
6280;255,32
6281;255,305
6282;255,259
6283;255,208
6284;255,196
6285;255,19
6286;255,194
6287;255,193
6288;255,252
6289;255,277
6290;255,239
6291;255,185
6292;255,155
6293;255,141
6294;255,104
6295;255,052
6296;255,062
6297;255,046
6298;255,001
6299;254,948
6300;254,938
6301;254,931
6302;254,934
6303;254,932
6304;255,012
6305;256,186
6306;256,142
6307;256,119
6308;256,099
6309;256,052
6310;256,008
6311;255,973
6312;256
6313;255,948
6314;255,905
6315;255,902
6316;255,888
6317;255,879
6318;255,888
6319;255,884
6320;255,94
6321;255,925
6322;255,884
6323;255,858
6324;255,838
6325;255,794
6326;255,752
6327;255,716
6328;255,741
6329;255,69
6330;255,645
6331;255,644
6332;255,628
6333;255,625
6334;255,631
6335;255,628
6336;255,727
6337;257,423
6338;257,407
6339;257,395
6340;257,344
6341;257,289
6342;257,266
6343;257,253
6344;257,241
6345;257,189
6346;257,193
6347;257,187
6348;257,174
6349;257,171
6350;257,171
6351;257,169
6352;257,226
6353;257,16
6354;257,147
6355;257,134
6356;257,082
6357;257,026
6358;257,003
6359;256,988
6360;256,977
6361;256,922
6362;256,926
6363;256,923
6364;256,905
6365;256,905
6366;256,91
6367;256,903
6368;256,99
6369;258,682
6370;258,674
6371;258,633
6372;258,573
6373;258,539
6374;258,531
6375;258,485
6376;258,467
6377;258,466
6378;258,467
6379;258,471
6380;258,453
6381;258,446
6382;258,451
6383;258,445
6384;258,503
6385;258,414
6386;258,411
6387;258,368
6388;258,311
6389;258,27
6390;258,269
6391;258,221
6392;258,205
6393;258,199
6394;258,204
6395;258,2
6396;258,188
6397;258,18
6398;258,184
6399;258,183
6400;258,345
6401;260,035
6402;259,997
6403;259,945
6404;259,904
6405;259,89
6406;259,845
6407;259,795
6408;259,827
6409;259,823
6410;259,827
6411;259,825
6412;259,81
6413;259,804
6414;259,809
6415;259,804
6416;259,858
6417;259,765
6418;259,73
6419;259,681
6420;259,635
6421;259,621
6422;259,579
6423;259,527
6424;259,557
6425;259,554
6426;259,558
6427;259,555
6428;259,54
6429;259,536
6430;259,538
6431;259,536
6432;259,613
6433;261,243
6434;261,206
6435;261,171
6436;261,144
6437;261,092
6438;261,052
6439;261,046
6440;261,08
6441;261,079
6442;261,077
6443;261,075
6444;261,061
6445;261,053
6446;261,057
6447;261,056
6448;261,107
6449;260,977
6450;260,938
6451;260,902
6452;260,879
6453;260,827
6454;260,787
6455;260,778
6456;260,813
6457;260,807
6458;260,812
6459;260,808
6460;260,793
6461;260,787
6462;260,79
6463;260,788
6464;260,886
6465;262,433
6466;262,407
6467;262,397
6468;262,329
6469;262,281
6470;262,283
6471;262,279
6472;262,312
6473;262,308
6474;262,309
6475;262,306
6476;262,292
6477;262,287
6478;262,29
6479;262,288
6480;262,341
6481;262,164
6482;262,138
6483;262,125
6484;262,065
6485;262,014
6486;262,016
6487;262,01
6488;262,044
6489;262,037
6490;262,041
6491;262,041
6492;262,021
6493;262,017
6494;262,023
6495;262,019
6496;262,096
6497;263,632
6498;263,627
6499;263,577
6500;263,516
6501;263,51
6502;263,513
6503;263,507
6504;263,542
6505;263,534
6506;263,539
6507;263,534
6508;263,521
6509;263,515
6510;263,517
6511;263,514
6512;263,566
6513;263,361
6514;263,358
6515;263,303
6516;263,246
6517;263,239
6518;263,245
6519;263,24
6520;263,27
6521;263,265
6522;263,268
6523;263,266
6524;263,247
6525;263,242
6526;263,247
6527;263,242
6528;263,403
6529;264,953
6530;264,91
6531;264,858
6532;264,844
6533;264,837
6534;264,838
6535;264,836
6536;264,868
6537;264,862
6538;264,865
6539;264,867
6540;264,841
6541;264,837
6542;264,842
6543;264,837
6544;264,892
6545;264,681
6546;264,64
6547;264,586
6548;264,572
6549;264,565
6550;264,567
6551;264,563
6552;264,597
6553;264,589
6554;264,594
6555;264,59
6556;264,574
6557;264,567
6558;264,568
6559;264,566
6560;264,642
6561;266,117
6562;266,068
6563;266,06
6564;266,045
6565;266,04
6566;266,044
6567;266,039
6568;266,069
6569;266,063
6570;266,068
6571;266,062
6572;266,049
6573;266,042
6574;266,043
6575;266,039
6576;266,093
6577;265,838
6578;265,795
6579;265,79
6580;265,774
6581;265,768
6582;265,77
6583;265,767
6584;265,798
6585;265,793
6586;265,796
6587;265,793
6588;265,778
6589;265,769
6590;265,773
6591;265,77
6592;265,863
6593;267,242
6594;267,242
6595;267,239
6596;267,224
6597;267,218
6598;267,22
6599;267,213
6600;267,245
6601;267,242
6602;267,244
6603;267,241
6604;267,224
6605;267,216
6606;267,22
6607;267,215
6608;267,266
6609;266,964
6610;266,969
6611;266,964
6612;266,95
6613;266,943
6614;266,944
6615;266,941
6616;266,973
6617;266,965
6618;266,972
6619;266,963
6620;266,95
6621;266,943
6622;266,945
6623;266,941
6624;267,018
6625;268,414
6626;268,416
6627;268,412
6628;268,399
6629;268,39
6630;268,393
6631;268,387
6632;268,42
6633;268,414
6634;268,416
6635;268,411
6636;268,395
6637;268,388
6638;268,391
6639;268,387
6640;268,437
6641;268,138
6642;268,14
6643;268,136
6644;268,121
6645;268,114
6646;268,118
6647;268,112
6648;268,142
6649;268,137
6650;268,137
6651;268,133
6652;268,118
6653;268,11
6654;268,112
6655;268,108
6656;268,265
6657;269,682
6658;269,685
6659;269,682
6660;269,665
6661;269,657
6662;269,658
6663;269,656
6664;269,687
6665;269,681
6666;269,683
6667;269,679
6668;269,663
6669;269,656
6670;269,656
6671;269,654
6672;269,707
6673;269,406
6674;269,409
6675;269,406
6676;269,388
6677;269,38
6678;269,383
6679;269,38
6680;269,41
6681;269,403
6682;269,405
6683;269,399
6684;269,382
6685;269,376
6686;269,378
6687;269,372
6688;269,448
6689;270,832
6690;270,834
6691;270,829
6692;270,813
6693;270,807
6694;270,806
6695;270,802
6696;270,835
6697;270,826
6698;270,829
6699;270,824
6700;270,809
6701;270,801
6702;270,804
6703;270,798
6704;270,85
6705;270,554
6706;270,557
6707;270,551
6708;270,535
6709;270,529
6710;270,533
6711;270,529
6712;270,557
6713;270,551
6714;270,552
6715;270,549
6716;270,531
6717;270,523
6718;270,527
6719;270,523
6720;270,614
6721;271,967
6722;271,969
6723;271,964
6724;271,948
6725;271,941
6726;271,943
6727;271,938
6728;271,969
6729;271,962
6730;271,963
6731;271,959
6732;271,943
6733;271,935
6734;271,936
6735;271,932
6736;271,984
6737;271,683
6738;271,685
6739;271,68
6740;271,666
6741;271,658
6742;271,659
6743;271,656
6744;271,685
6745;271,675
6746;271,68
6747;271,676
6748;271,657
6749;271,652
6750;271,654
6751;271,648
6752;271,721
6753;273,102
6754;273,103
6755;273,098
6756;273,083
6757;273,076
6758;273,078
6759;273,072
6760;273,101
6761;273,095
6762;273,098
6763;273,092
6764;273,077
6765;273,067
6766;273,069
6767;273,061
6768;273,114
6769;272,82
6770;272,822
6771;272,817
6772;272,799
6773;272,791
6774;272,796
6775;272,79
6776;272,819
6777;272,811
6778;272,814
6779;272,809
6780;272,791
6781;272,784
6782;272,786
6783;272,781
6784;272,934
6785;274,316
6786;274,318
6787;274,312
6788;274,297
6789;274,288
6790;274,295
6791;274,286
6792;274,315
6793;274,309
6794;274,309
6795;274,304
6796;274,287
6797;274,281
6798;274,281
6799;274,276
6800;274,327
6801;274,035
6802;274,036
6803;274,029
6804;274,014
6805;274,008
6806;274,008
6807;274,003
6808;274,033
6809;274,025
6810;274,027
6811;274,023
6812;274,006
6813;273,998
6814;273,998
6815;273,994
6816;274,066
6817;274,884
6818;274,886
6819;274,882
6820;274,866
6821;274,859
6822;274,858
6823;274,854
6824;274,884
6825;274,877
6826;274,878
6827;274,871
6828;274,856
6829;274,849
6830;274,85
6831;274,844
6832;274,893
6833;274,607
6834;274,609
6835;274,603
6836;274,587
6837;274,58
6838;274,58
6839;274,575
6840;274,605
6841;274,596
6842;274,598
6843;274,594
6844;274,577
6845;274,569
6846;274,569
6847;274,565
6848;274,655
6849;275,984
6850;275,985
6851;275,988
6852;275,966
6853;275,957
6854;275,958
6855;275,954
6856;275,984
6857;275,974
6858;275,977
6859;275,971
6860;275,956
6861;275,949
6862;275,949
6863;275,94
6864;275,993
6865;275,699
6866;275,702
6867;275,696
6868;275,681
6869;275,67
6870;275,673
6871;275,667
6872;275,697
6873;275,688
6874;275,691
6875;275,684
6876;275,668
6877;275,661
6878;275,661
6879;275,657
6880;275,728
6881;277,086
6882;277,087
6883;277,083
6884;277,067
6885;277,06
6886;277,058
6887;277,054
6888;277,084
6889;277,074
6890;277,075
6891;277,07
6892;277,055
6893;277,047
6894;277,047
6895;277,041
6896;277,091
6897;276,801
6898;276,803
6899;276,798
6900;276,78
6901;276,772
6902;276,775
6903;276,768
6904;276,797
6905;276,79
6906;276,79
6907;276,783
6908;276,769
6909;276,761
6910;276,761
6911;276,755
6912;276,905
6913;278,272
6914;278,273
6915;278,267
6916;278,252
6917;278,243
6918;278,243
6919;278,24
6920;278,267
6921;278,259
6922;278,26
6923;278,256
6924;278,238
6925;278,23
6926;278,23
6927;278,224
6928;278,273
6929;277,985
6930;277,985
6931;277,979
6932;277,964
6933;277,955
6934;277,957
6935;277,955
6936;277,979
6937;277,969
6938;277,971
6939;277,966
6940;277,95
6941;277,941
6942;277,942
6943;277,933
6944;278,006
6945;279,35
6946;279,349
6947;279,343
6948;279,331
6949;279,319
6950;279,319
6951;279,314
6952;279,342
6953;279,334
6954;279,337
6955;279,328
6956;279,314
6957;279,304
6958;279,306
6959;279,298
6960;279,349
6961;279,063
6962;279,063
6963;279,059
6964;279,044
6965;279,033
6966;279,033
6967;279,029
6968;279,058
6969;279,049
6970;279,05
6971;279,044
6972;279,027
6973;279,018
6974;279,022
6975;279,013
6976;279,103
6977;280,404
6978;280,406
6979;280,398
6980;280,381
6981;280,372
6982;280,374
6983;280,367
6984;280,397
6985;280,389
6986;280,391
6987;280,383
6988;280,366
6989;280,356
6990;280,359
6991;280,353
6992;280,402
6993;280,108
6994;280,108
6995;280,103
6996;280,086
6997;280,077
6998;280,078
6999;280,072
7000;280,1
7001;280,092
7002;280,092
7003;280,086
7004;280,068
7005;280,062
7006;280,064
7007;280,057
7008;280,126
7009;281,451
7010;281,45
7011;281,444
7012;281,43
7013;281,418
7014;281,421
7015;281,413
7016;281,444
7017;281,433
7018;281,434
7019;281,426
7020;281,411
7021;281,403
7022;281,402
7023;281,397
7024;281,447
7025;281,16
7026;281,163
7027;281,158
7028;281,138
7029;281,129
7030;281,129
7031;281,122
7032;281,155
7033;281,144
7034;281,144
7035;281,139
7036;281,121
7037;281,115
7038;281,115
7039;281,107
7040;281,252
7041;282,571
7042;282,572
7043;282,564
7044;282,55
7045;282,539
7046;282,54
7047;282,54
7048;282,562
7049;282,552
7050;282,554
7051;282,549
7052;282,531
7053;282,522
7054;282,523
7055;282,516
7056;282,564
7057;282,28
7058;282,281
7059;282,272
7060;282,257
7061;282,246
7062;282,247
7063;282,242
7064;282,271
7065;282,262
7066;282,262
7067;282,256
7068;282,24
7069;282,231
7070;282,231
7071;282,226
7072;282,293
7073;283,611
7074;283,611
7075;283,602
7076;283,587
7077;283,578
7078;283,577
7079;283,571
7080;283,599
7081;283,591
7082;283,591
7083;283,584
7084;283,569
7085;283,56
7086;283,559
7087;283,553
7088;283,6
7089;283,322
7090;283,323
7091;283,316
7092;283,306
7093;283,291
7094;283,291
7095;283,285
7096;283,31
7097;283,305
7098;283,306
7099;283,298
7100;283,281
7101;283,273
7102;283,273
7103;283,268
7104;283,352
7105;284,614
7106;284,61
7107;284,606
7108;284,59
7109;284,58
7110;284,581
7111;284,576
7112;284,602
7113;284,594
7114;284,592
7115;284,587
7116;284,57
7117;284,559
7118;284,562
7119;284,559
7120;284,602
7121;284,32
7122;284,32
7123;284,314
7124;284,297
7125;284,29
7126;284,286
7127;284,282
7128;284,316
7129;284,303
7130;284,301
7131;284,296
7132;284,278
7133;284,268
7134;284,269
7135;284,263
7136;284,33
7137;285,625
7138;285,626
7139;285,618
7140;285,603
7141;285,595
7142;285,593
7143;285,586
7144;285,614
7145;285,604
7146;285,606
7147;285,597
7148;285,579
7149;285,572
7150;285,571
7151;285,565
7152;285,612
7153;285,333
7154;285,331
7155;285,327
7156;285,311
7157;285,298
7158;285,299
7159;285,298
7160;285,322
7161;285,312
7162;285,312
7163;285,307
7164;285,289
7165;285,279
7166;285,28
7167;285,274
7168;285,415
7169;285,677
7170;285,678
7171;285,671
7172;285,654
7173;285,646
7174;285,644
7175;285,64
7176;285,666
7177;285,656
7178;285,654
7179;285,65
7180;285,633
7181;285,625
7182;285,625
7183;285,614
7184;285,664
7185;285,39
7186;285,389
7187;285,382
7188;285,367
7189;285,357
7190;285,356
7191;285,35
7192;285,377
7193;285,368
7194;285,368
7195;285,362
7196;285,343
7197;285,332
7198;285,335
7199;285,329
7200;285,394
7201;285,656
7202;285,657
7203;285,65
7204;285,632
7205;285,62
7206;285,624
7207;285,616
7208;285,645
7209;285,636
7210;285,635
7211;285,627
7212;285,614
7213;285,603
7214;285,601
7215;285,595
7216;285,642
7217;285,368
7218;285,369
7219;285,362
7220;285,343
7221;285,337
7222;285,336
7223;285,33
7224;285,357
7225;285,348
7226;285,346
7227;285,34
7228;285,325
7229;285,316
7230;285,315
7231;285,309
7232;285,392
7233;285,646
7234;285,646
7235;285,639
7236;285,623
7237;285,614
7238;285,614
7239;285,605
7240;285,633
7241;285,625
7242;285,625
7243;285,618
7244;285,602
7245;285,592
7246;285,592
7247;285,587
7248;285,635
7249;285,357
7250;285,353
7251;285,348
7252;285,329
7253;285,323
7254;285,326
7255;285,319
7256;285,346
7257;285,337
7258;285,337
7259;285,33
7260;285,313
7261;285,305
7262;285,306
7263;285,299
7264;285,364
7265;285,615
7266;285,616
7267;285,609
7268;285,594
7269;285,584
7270;285,584
7271;285,577
7272;285,604
7273;285,594
7274;285,595
7275;285,589
7276;285,572
7277;285,564
7278;285,563
7279;285,555
7280;285,602
7281;285,327
7282;285,329
7283;285,32
7284;285,307
7285;285,298
7286;285,298
7287;285,292
7288;285,318
7289;285,307
7290;285,309
7291;285,303
7292;285,284
7293;285,277
7294;285,279
7295;285,271
7296;285,409
7297;285,667
7298;285,666
7299;285,665
7300;285,644
7301;285,636
7302;285,634
7303;285,629
7304;285,655
7305;285,646
7306;285,646
7307;285,639
7308;285,626
7309;285,616
7310;285,615
7311;285,609
7312;285,653
7313;285,383
7314;285,384
7315;285,377
7316;285,359
7317;285,351
7318;285,351
7319;285,345
7320;285,371
7321;285,361
7322;285,362
7323;285,356
7324;285,34
7325;285,33
7326;285,33
7327;285,324
7328;285,389
7329;285,646
7330;285,645
7331;285,64
7332;285,623
7333;285,616
7334;285,614
7335;285,608
7336;285,636
7337;285,624
7338;285,624
7339;285,619
7340;285,604
7341;285,592
7342;285,594
7343;285,589
7344;285,633
7345;285,363
7346;285,364
7347;285,358
7348;285,341
7349;285,331
7350;285,331
7351;285,325
7352;285,35
7353;285,343
7354;285,343
7355;285,337
7356;285,32
7357;285,311
7358;285,311
7359;285,305
7360;285,388
7361;285,636
7362;285,638
7363;285,631
7364;285,614
7365;285,605
7366;285,605
7367;285,598
7368;285,625
7369;285,615
7370;285,615
7371;285,609
7372;285,593
7373;285,584
7374;285,583
7375;285,58
7376;285,624
7377;285,354
7378;285,353
7379;285,347
7380;285,329
7381;285,322
7382;285,321
7383;285,316
7384;285,34
7385;285,331
7386;285,333
7387;285,327
7388;285,31
7389;285,301
7390;285,3
7391;285,295
7392;285,36
7393;285,607
7394;285,607
7395;285,601
7396;285,583
7397;285,576
7398;285,576
7399;285,569
7400;285,596
7401;285,586
7402;285,588
7403;285,579
7404;285,565
7405;285,556
7406;285,556
7407;285,55
7408;285,592
7409;285,324
7410;285,326
7411;285,319
7412;285,303
7413;285,293
7414;285,295
7415;285,289
7416;285,311
7417;285,305
7418;285,305
7419;285,299
7420;285,282
7421;285,273
7422;285,273
7423;285,266
7424;285,405
7425;285,65
7426;285,653
7427;285,642
7428;285,627
7429;285,618
7430;285,619
7431;285,613
7432;285,637
7433;285,63
7434;285,629
7435;285,623
7436;285,607
7437;285,598
7438;285,597
7439;285,592
7440;285,636
7441;285,37
7442;285,372
7443;285,364
7444;285,348
7445;285,338
7446;285,34
7447;285,334
7448;285,357
7449;285,351
7450;285,349
7451;285,344
7452;285,327
7453;285,319
7454;285,318
7455;285,312
7456;285,376
7457;285,621
7458;285,62
7459;285,615
7460;285,599
7461;285,59
7462;285,591
7463;285,584
7464;285,609
7465;285,601
7466;285,6
7467;285,596
7468;285,577
7469;285,57
7470;285,569
7471;285,564
7472;285,606
7473;285,345
7474;285,342
7475;285,338
7476;285,321
7477;285,314
7478;285,312
7479;285,307
7480;285,333
7481;285,324
7482;285,324
7483;285,317
7484;285,301
7485;285,293
7486;285,293
7487;285,287
7488;285,369
7489;285,62
7490;285,619
7491;285,612
7492;285,597
7493;285,588
7494;285,589
7495;285,583
7496;285,607
7497;285,599
7498;285,599
7499;285,593
7500;285,578
7501;285,569
7502;285,567
7503;285,56
7504;285,606
7505;285,341
7506;285,34
7507;285,336
7508;285,318
7509;285,307
7510;285,31
7511;285,305
7512;285,328
7513;285,319
7514;285,321
7515;285,316
7516;285,298
7517;285,29
7518;285,289
7519;285,283
7520;285,346
7521;285,598
7522;285,598
7523;285,592
7524;285,576
7525;285,567
7526;285,568
7527;285,562
7528;285,586
7529;285,578
7530;285,578
7531;285,571
7532;285,558
7533;285,548
7534;285,547
7535;285,542
7536;285,585
7537;285,32
7538;285,321
7539;285,316
7540;285,299
7541;285,29
7542;285,292
7543;285,284
7544;285,31
7545;285,303
7546;285,301
7547;285,296
7548;285,279
7549;285,271
7550;285,269
7551;285,264
7552;285,398
7553;285,64
7554;285,641
7555;285,633
7556;285,618
7557;285,611
7558;285,609
7559;285,604
7560;285,628
7561;285,62
7562;285,62
7563;285,615
7564;285,598
7565;285,59
7566;285,589
7567;285,583
7568;285,624
7569;285,366
7570;285,366
7571;285,36
7572;285,345
7573;285,335
7574;285,336
7575;285,328
7576;285,352
7577;285,347
7578;285,346
7579;285,342
7580;285,324
7581;285,315
7582;285,314
7583;285,31
7584;285,373
7585;285,612
7586;285,61
7587;285,606
7588;285,591
7589;285,58
7590;285,582
7591;285,575
7592;285,603
7593;285,592
7594;285,593
7595;285,586
7596;285,571
7597;285,562
7598;285,563
7599;285,556
7600;285,597
7601;285,34
7602;285,34
7603;285,333
7604;285,319
7605;285,308
7606;285,309
7607;285,303
7608;285,329
7609;285,319
7610;285,32
7611;285,316
7612;285,297
7613;285,289
7614;285,289
7615;285,282
7616;285,364
7617;285,61
7618;285,611
7619;285,606
7620;285,589
7621;285,582
7622;285,582
7623;285,575
7624;285,598
7625;285,592
7626;285,592
7627;285,584
7628;285,569
7629;285,563
7630;285,559
7631;285,555
7632;285,599
7633;285,337
7634;285,337
7635;285,332
7636;285,316
7637;285,306
7638;285,307
7639;285,301
7640;285,324
7641;285,319
7642;285,316
7643;285,31
7644;285,294
7645;285,287
7646;285,287
7647;285,281
7648;285,344
7649;285,59
7650;285,59
7651;285,584
7652;285,57
7653;285,562
7654;285,562
7655;285,555
7656;285,58
7657;285,571
7658;285,571
7659;285,564
7660;285,55
7661;285,544
7662;285,54
7663;285,535
7664;285,578
7665;285,318
7666;285,318
7667;285,314
7668;285,295
7669;285,289
7670;285,288
7671;285,282
7672;285,307
7673;285,298
7674;285,297
7675;285,294
7676;285,276
7677;285,268
7678;285,265
7679;285,262
7680;285,394
7681;285,639
7682;285,639
7683;285,631
7684;285,618
7685;285,609
7686;285,608
7687;285,602
7688;285,629
7689;285,618
7690;285,621
7691;285,613
7692;285,598
7693;285,589
7694;285,59
7695;285,583
7696;285,627
7697;285,369
7698;285,37
7699;285,363
7700;285,349
7701;285,339
7702;285,34
7703;285,333
7704;285,359
7705;285,349
7706;285,348
7707;285,342
7708;285,325
7709;285,319
7710;285,32
7711;285,313
7712;285,376
7713;285,618
7714;285,618
7715;285,613
7716;285,599
7717;285,588
7718;285,588
7719;285,583
7720;285,607
7721;285,597
7722;285,601
7723;285,593
7724;285,576
7725;285,569
7726;285,568
7727;285,564
7728;285,605
7729;285,351
7730;285,35
7731;285,344
7732;285,329
7733;285,321
7734;285,319
7735;285,316
7736;285,338
7737;285,332
7738;285,331
7739;285,326
7740;285,309
7741;285,3
7742;285,301
7743;285,294
7744;285,373
7745;285,608
7746;285,609
7747;285,602
7748;285,588
7749;285,579
7750;285,579
7751;285,573
7752;285,598
7753;285,589
7754;285,589
7755;285,582
7756;285,568
7757;285,56
7758;285,559
7759;285,553
7760;285,597
7761;285,341
7762;285,341
7763;285,337
7764;285,318
7765;285,311
7766;285,311
7767;285,304
7768;285,327
7769;285,322
7770;285,323
7771;285,314
7772;285,298
7773;285,292
7774;285,297
7775;285,286
7776;285,348
7777;285,581
7778;285,581
7779;285,576
7780;285,558
7781;285,542
7782;285,542
7783;285,542
7784;285,569
7785;285,561
7786;285,561
7787;285,555
7788;285,541
7789;285,533
7790;285,533
7791;285,526
7792;285,569
7793;285,314
7794;285,316
7795;285,308
7796;285,293
7797;285,285
7798;285,284
7799;285,279
7800;285,303
7801;285,293
7802;285,291
7803;285,288
7804;285,274
7805;285,265
7806;285,268
7807;285,257
7808;285,388
7809;285,629
7810;285,629
7811;285,622
7812;285,606
7813;285,598
7814;285,596
7815;285,594
7816;285,615
7817;285,609
7818;285,611
7819;285,605
7820;285,589
7821;285,581
7822;285,581
7823;285,574
7824;285,617
7825;285,365
7826;285,366
7827;285,358
7828;285,342
7829;285,333
7830;285,336
7831;285,329
7832;285,353
7833;285,343
7834;285,345
7835;285,339
7836;285,323
7837;285,316
7838;285,316
7839;285,311
7840;285,369
7841;285,61
7842;285,608
7843;285,603
7844;285,588
7845;285,579
7846;285,581
7847;285,576
7848;285,597
7849;285,589
7850;285,591
7851;285,584
7852;285,569
7853;285,561
7854;285,559
7855;285,553
7856;285,597
7857;285,346
7858;285,347
7859;285,34
7860;285,325
7861;285,317
7862;285,317
7863;285,311
7864;285,333
7865;285,324
7866;285,326
7867;285,322
7868;285,304
7869;285,297
7870;285,296
7871;285,292
7872;285,369
7873;285,6
7874;285,6
7875;285,594
7876;285,579
7877;285,571
7878;285,572
7879;285,565
7880;285,591
7881;285,58
7882;285,583
7883;285,575
7884;285,558
7885;285,553
7886;285,553
7887;285,546
7888;285,588
7889;285,337
7890;285,337
7891;285,332
7892;285,315
7893;285,307
7894;285,308
7895;285,3
7896;285,325
7897;285,317
7898;285,316
7899;285,313
7900;285,295
7901;285,288
7902;285,287
7903;285,282
7904;285,344
7905;285,573
7906;285,572
7907;285,568
7908;285,552
7909;285,545
7910;285,545
7911;285,537
7912;285,562
7913;285,555
7914;285,553
7915;285,547
7916;285,532
7917;285,526
7918;285,527
7919;285,519
7920;285,56
7921;285,309
7922;285,31
7923;285,306
7924;285,289
7925;285,281
7926;285,281
7927;285,276
7928;285,3
7929;285,291
7930;285,291
7931;285,287
7932;285,27
7933;285,264
7934;285,264
7935;285,257
7936;285,384
7937;285,612
7938;285,613
7939;285,607
7940;285,592
7941;285,584
7942;285,584
7943;285,578
7944;285,603
7945;285,595
7946;285,594
7947;285,589
7948;285,574
7949;285,564
7950;285,564
7951;285,56
7952;285,602
7953;285,351
7954;285,35
7955;285,344
7956;285,331
7957;285,321
7958;285,321
7959;285,317
7960;285,341
7961;285,332
7962;285,336
7963;285,327
7964;285,309
7965;285,305
7966;285,303
7967;285,296
7968;285,358
7969;285,583
7970;285,585
7971;285,577
7972;285,563
7973;285,556
7974;285,557
7975;285,551
7976;285,577
7977;285,566
7978;285,563
7979;285,559
7980;285,545
7981;285,538
7982;285,536
7983;285,532
7984;285,571
7985;285,327
7986;285,326
7987;285,319
7988;285,304
7989;285,296
7990;285,296
7991;285,294
7992;285,316
7993;285,305
7994;285,307
7995;285,303
7996;285,286
7997;285,277
7998;285,277
7999;285,271
8000;285,349
8001;285,585
8002;285,582
8003;285,576
8004;285,562
8005;285,553
8006;285,555
8007;285,546
8008;285,572
8009;285,566
8010;285,566
8011;285,558
8012;285,544
8013;285,538
8014;285,536
8015;285,529
8016;285,571
8017;285,324
8018;285,324
8019;285,316
8020;285,302
8021;285,292
8022;285,294
8023;285,291
8024;285,312
8025;285,304
8026;285,306
8027;285,3
8028;285,284
8029;285,277
8030;285,276
8031;285,27
8032;285,329
8033;285,563
8034;285,563
8035;285,56
8036;285,544
8037;285,535
8038;285,534
8039;285,53
8040;285,552
8041;285,545
8042;285,546
8043;285,538
8044;285,525
8045;285,516
8046;285,516
8047;285,51
8048;285,55
8049;285,304
8050;285,305
8051;285,301
8052;285,285
8053;285,277
8054;285,278
8055;285,27
8056;285,293
8057;285,287
8058;285,287
8059;285,283
8060;285,265
8061;285,259
8062;285,258
8063;285,252
8064;285,379
8065;285,605
8066;285,605
8067;285,598
8068;285,585
8069;285,578
8070;285,576
8071;285,571
8072;285,593
8073;285,586
8074;285,587
8075;285,581
8076;285,566
8077;285,558
8078;285,557
8079;285,552
8080;285,593
8081;285,349
8082;285,349
8083;285,344
8084;285,33
8085;285,32
8086;285,321
8087;285,315
8088;285,337
8089;285,33
8090;285,33
8091;285,325
8092;285,308
8093;285,301
8094;285,302
8095;285,294
8096;285,356
8097;285,577
8098;285,579
8099;285,57
8100;285,559
8101;285,55
8102;285,55
8103;285,543
8104;285,568
8105;285,56
8106;285,56
8107;285,555
8108;285,539
8109;285,53
8110;285,533
8111;285,526
8112;285,566
8113;285,324
8114;285,324
8115;285,319
8116;285,303
8117;285,296
8118;285,294
8119;285,292
8120;285,313
8121;285,307
8122;285,306
8123;285,302
8124;285,285
8125;285,279
8126;285,277
8127;285,272
8128;285,346
8129;285,578
8130;285,579
8131;285,572
8132;285,557
8133;285,548
8134;285,549
8135;285,544
8136;285,567
8137;285,56
8138;285,558
8139;285,553
8140;285,539
8141;285,531
8142;285,53
8143;285,525
8144;285,565
8145;285,323
8146;285,322
8147;285,317
8148;285,3
8149;285,294
8150;285,293
8151;285,289
8152;285,31
8153;285,305
8154;285,304
8155;285,298
8156;285,282
8157;285,274
8158;285,275
8159;285,271
8160;285,328
8161;285,559
8162;285,559
8163;285,554
8164;285,539
8165;285,53
8166;285,532
8167;285,524
8168;285,548
8169;285,54
8170;285,54
8171;285,535
8172;285,521
8173;285,513
8174;285,512
8175;285,507
8176;285,547
8177;285,303
8178;285,303
8179;285,299
8180;285,282
8181;285,276
8182;285,279
8183;285,27
8184;285,293
8185;285,284
8186;285,286
8187;285,28
8188;285,267
8189;285,257
8190;285,257
8191;285,251
8192;285,374
